"conviction","fear","time","kidnapped","experiences.type","income","age"
48.0270573118689,2.55614063579129,6000,"yes","saw UFO","<50K",22.2545091621391
23.1679807110848,16.6439461590051,6000,"yes","heard voice","50-75K",44.2736098401526
29.2643289632426,0.330228926074777,6000,"yes","saw ghost","50-75K",25.3278457981981
32.7744678388844,0.478674743866791,6000,"yes","saw ghost","50-75K",25.4737919254558
36.4828275928959,1.01119794790736,6000,"yes","eerie feeling","75-100K",50.3377985359004
52.4162797105918,0.523407510013596,6000,"yes","eerie feeling","75-100K",36.1232470317975
38.6486855406706,0.0717920941517054,6000,"yes","heard voice","50-75K",59.4574007967868
44.5954137943474,1.22009237319095,6000,"yes","saw ghost","50-75K",20.6691076312937
42.0214985462294,13.6540358332775,6000,"yes","presence watching","50-75K",58.238757715381
46.0366987531557,0.0509807101770132,6000,"yes","heard voice","50-75K",53.0622438496451
24.2585909693636,1.62147925867328,6000,"yes","eerie feeling","50-75K",123
33.310416928079,1.97030413694882,6000,"yes","saw UFO","50-75K",33.2144481878286
44.8087623761337,0.084162294168793,6000,"yes","saw UFO","50-75K",53.6287915999879
40.1036549693977,0.161089778696093,6000,"yes","saw ghost","50-75K",18.5144462678527
58.3286260287727,0.0535133852138303,6000,"yes","saw UFO","<50K",60.4021075940153
43.9417804499498,3.64247243898196,6000,"yes","presence watching","75-100K",35.2709527873704
42.6653179758916,1.51576712645571,6000,"yes","heard voice","50-75K",50.0054797427729
49.8280084528459,2.40254439752827,6000,"yes","eerie feeling","75-100K",31.0458766254516
44.9055848679128,1.98776015939362,6000,"yes","eerie feeling","50-75K",38.2762954357731
48.8178348678321,2.03928515384797,6000,"yes","eerie feeling","50-75K",46.3112926732493
27.901977505641,0.0535681144263659,6000,"yes","saw ghost",">100K",48.8287499285128
40.2903084515269,11.8772249165334,6000,"yes","heard voice","<50K",51.2519525548474
45.0543126863263,6.62134267595964,6000,"yes","saw ghost","75-100K",44.8763447487006
45.7413116133655,2.94436134769328,6000,"yes","eerie feeling","50-75K",27.9711742359137
38.9253461928786,3.46311710493392,6000,"yes","eerie feeling","50-75K",21.3026971142103
42.3152309357622,8.26729074557233,6000,"yes","eerie feeling","75-100K",22.792560828291
59.1632803906868,3.2038343310657,6000,"yes","saw UFO","75-100K",29.2110062094069
46.7678124388185,0.270920859741711,6000,"yes","heard voice","<50K",21.8267216648425
49.7721680692337,0.000880217419813021,6000,"yes","heard voice","<50K",53.6989890149752
51.4999639733915,1.88398239736004,6000,"yes","saw UFO","75-100K",32.8476968257059
49.4968002802275,0.00021168606017468,6000,"yes","saw ghost","50-75K",31.5704076066345
43.1304060765425,0.48619792232645,6000,"yes","heard voice","<50K",54.1650857082568
43.4803461926764,3.49228141190016,6000,"yes","heard voice","75-100K",36.438864468513
57.6694065878636,0.0310089197099398,6000,"yes","saw ghost","50-75K",54.1650857082568
33.4003179227055,0.461279640456946,6000,"yes","saw UFO","<50K",25.8180120876322
23.7831176319278,0.0365464135147567,6000,"yes","eerie feeling","50-75K",54.1650857082568
36.4685292653214,0.0577972967083979,6000,"yes","eerie feeling","50-75K",54.1650857082568
36.2633661236824,0.174433241784734,6000,"yes","saw ghost",NA,54.1650857082568
26.9632856383748,0.484235590866276,6000,"yes","eerie feeling","50-75K",58.6733052729437
51.1502193334013,0.255159098144916,6000,"yes","saw UFO","75-100K",45.3052404639437
41.0032962528692,6.5964718935453,6000,"yes","saw ghost",">100K",32.5852977058267
48.6077946020467,7.73295011953777,6000,"yes","eerie feeling","50-75K",66.2392668619889
32.5526524491551,19.2763005471458,6000,"yes","saw ghost","50-75K",41.9984676276379
47.9386254978559,0.97028288759858,6000,"yes","eerie feeling","50-75K",23.1930055173407
37.6117796288486,0.0419369252865737,6000,"yes","eerie feeling","50-75K",53.4157267102678
26.4121458460268,2.26998109477976,6000,"yes","eerie feeling",NA,36.1465543400876
35.4916446802525,2.36703885965117,6000,"yes","saw ghost","50-75K",50.0054797427729
52.2277664284777,0.512841808429414,6000,"yes","eerie feeling","75-100K",48.0252806355975
36.3104208432621,0.170682592759007,6000,"yes","heard voice","50-75K",55.8079598864617
15.8437385549367,8.61631512933839,6000,"yes","eerie feeling","50-75K",22.7001749528842
39.0500318713248,0.00954234049607537,6000,"yes","eerie feeling","75-100K",44.5759662616696
49.5014280238336,5.23700162346903,6000,"yes","presence watching","75-100K",32.2401969027529
39.565581469193,6.24074249019511,6000,"yes","eerie feeling","50-75K",30.8337173307752
40.2459635851168,1.70521842972029,6000,"yes","eerie feeling","75-100K",54.1650857082568
29.0591564553753,7.66267789945343,6000,"yes","saw ghost","<50K",18.942137691735
46.6031207670422,4.60549679093576,6000,"yes","eerie feeling","50-75K",55.2301471760535
32.7649713794682,1.1607682249509,6000,"yes","eerie feeling","50-75K",21.9330561168052
34.2397524720007,0.0850241828593746,6000,"no","saw UFO","50-75K",20.1410092811476
54.5139823994962,3.01165243811656,6000,"yes","saw ghost","50-75K",25.7959182520588
63.0909452228043,2.87426734189707,6000,"yes","eerie feeling","50-75K",27.5669793695497
66.265191837682,1.37316671316413,6000,"yes","saw ghost","50-75K",42.6705558598212
36.0503955987174,0.189837056273216,6000,"yes","eerie feeling",">100K",54.1650857082568
54.1938763839244,3.88822435812983,6000,"yes","saw UFO","50-75K",60.6405948959481
40.433422723544,11.3618698433771,6000,"yes","eerie feeling",">100K",24.3085635664745
31.5504841195961,0.196415863883095,6000,"yes","saw UFO","<50K",23.6372583723693
16.4067529255219,1.64614798661892,6000,"yes","saw UFO","<50K",54.1650857082568
46.5676674897564,0.60850234135156,6000,"yes","saw ghost",">100K",23.6480357564645
34.6954723778883,3.23433283595604,6000,"yes","eerie feeling","<50K",41.6872339210462
38.9669893540983,2.05540005928729,6000,"yes","eerie feeling","50-75K",50.9636562731286
45.6578096687843,4.66314902397977,6000,"yes","saw ghost","<50K",52.1417698464728
63.710476716401,0.0344678982585711,6000,"yes","saw UFO","75-100K",37.6888218327357
49.8600411899466,0.0559552537091305,6000,"yes","presence watching","75-100K",29.5456764488895
52.8813486439336,15.6245848489592,6000,"yes","heard voice","50-75K",32.7613941111914
30.6931094017167,0.0456011363550083,6000,"yes","saw UFO","75-100K",27.678465130612
30.1863833064981,2.82017670039591,6000,"yes","heard voice",NA,28.006703806804
44.1421164297058,0.890863974206784,6000,"yes","eerie feeling","50-75K",32.5390263133025
28.1841959669574,0.108853692707744,6000,"yes","presence watching","<50K",50.0054797427729
34.2104094804404,1.14548105239935,6000,"yes","saw UFO","75-100K",37.8217043517624
37.3114064445195,1.58169774998042,6000,"yes","saw UFO","50-75K",54.1650857082568
48.7973784934792,5.27380037926546,6000,"yes","saw ghost","50-75K",42.974378641561
32.7401823474771,10.4459428565479,6000,"yes","saw ghost","50-75K",21.2600918426519
32.9936094305792,0.181564716622502,6000,"yes","eerie feeling",">100K",21.5210451078273
23.3200719641215,25.686505294078,6000,"yes","eerie feeling","<50K",23.2496889609142
41.6453036232291,5.88162709293118,6000,"no","eerie feeling","50-75K",24.4482833149919
72.6172915235544,8.33896594042486,6000,"yes","saw ghost","75-100K",50.0527523035566
33.4491005964199,0.148640741589931,6000,"yes","eerie feeling","50-75K",35.4116872202685
33.8659575603648,0.14902987963663,6000,"yes","saw UFO","50-75K",34.9659472801557
40.4451600135518,0.975449093606065,6000,"yes","saw ghost","50-75K",2
42.0331840258048,0.271861723095779,6000,"yes","saw ghost","75-100K",51.2494563004526
52.1875044555816,3.89066875294476,6000,"yes","saw UFO","<50K",41.0294858842796
48.7556133640656,2.00336959150763,6000,"yes","saw ghost","75-100K",35.0895119525946
49.1321272422131,5.27654874429174,6000,"yes","saw ghost",">100K",59.3332643039851
49.9370117203698,5.68124323931644,6000,"yes","saw ghost","50-75K",54.1650857082568
44.0845250805109,0.0936943918918916,6000,"yes","saw ghost","50-75K",55.6421170121548
50.0251033954205,0.409217032672405,6000,"yes","eerie feeling","75-100K",43.6264861609626
34.6624077965798,0.808293031633496,6000,"yes","saw UFO","50-75K",54.4764370463774
44.6687021494823,0.473057592462139,6000,"yes","eerie feeling","50-75K",40.0821337812337
36.8874843646012,4.88324393672909,6000,"yes","heard voice","50-75K",34.8724557059482
53.0117111071353,10.5701483693149,6000,"yes","saw ghost",">100K",47.2493572361681
55.9619937376172,8.35245656898885,6000,"yes","heard voice","50-75K",29.7333843852145
36.9778011628838,7.74279866774338,6000,"yes","eerie feeling","50-75K",38.0319564535141
32.7638823925661,0.00721836483564007,6000,"yes","saw ghost","50-75K",68.1036390841989
59.0184049897827,8.51768271512467,6000,"yes","saw ghost","50-75K",54.1650857082568
58.0980155664358,0.633777348938016,6000,"yes","eerie feeling","75-100K",44.0733885419794
51.0926177036133,4.49438212317075,6000,"yes","saw ghost",">100K",19.3786101646893
36.2371067206119,4.71447520455213,6000,"yes","eerie feeling","75-100K",54.1650857082568
32.516913445054,1.15329294368421,6000,"yes","eerie feeling",">100K",21.469754615682
42.650932854673,1.5994893517605,6000,"yes","eerie feeling","50-75K",54.384245267199
49.4158145730137,2.23254567616415,6000,"yes","eerie feeling","50-75K",39.6545654429451
44.3037518579093,4.47117263735255,6000,"yes","saw UFO","50-75K",54.1650857082568
46.6341632234382,0.25615056914374,6000,"yes","saw UFO","50-75K",48.2470045865242
49.2667085680347,1.22228457514874,6000,"yes","saw UFO","50-75K",29.9030195615304
24.1958637341004,0.00583429818588313,6000,"no","heard voice","<50K",54.1650857082568
41.2326568103224,10.1840328732904,6000,"yes","saw ghost","50-75K",22.1253389621517
45.7728452727417,3.05333484675527,6000,"yes","saw ghost","75-100K",19.3889976821553
47.6514576275789,8.06690772752664,6000,"yes","heard voice","75-100K",54.1650857082568
26.7797677100879,8.88326240604592,6000,"yes","saw ghost",">100K",41.8453884543402
34.7680579998025,28.1203871294481,6000,"yes","eerie feeling","<50K",39.5840345554985
37.2607752075506,2.29053994953413,6000,"yes","saw ghost","50-75K",40.6778257842965
68.1912695668546,2.90705251860485,6000,"yes","presence watching","<50K",58.8982819404366
52.3601385645914,0.535721320015385,6000,"yes","eerie feeling","50-75K",54.1650857082568
46.1862612985327,9.56216946809552e-05,6000,"yes","presence watching",">100K",54.1650857082568
41.2380268275101,2.42081993770619,6000,"yes","saw ghost","50-75K",49.132946472478
51.3965658714009,1.21740659385116,6000,"yes","eerie feeling","<50K",39.1515511321569
33.1337463960439,3.55117627106424,6000,"no","eerie feeling","50-75K",54.1650857082568
42.3838586278926,0.299765135477005,6000,"yes","saw UFO","<50K",33.665619175021
42.4781462434823,8.22264220003587,6000,"yes","eerie feeling",">100K",21.5243927124432
33.7135544420589,17.8222346674507,6000,"yes","saw UFO","<50K",54.2485910446697
37.1325869155456,1.06645689956769,6000,"yes","eerie feeling","75-100K",24.5677080093503
50.6203481094757,0.312067014313526,6000,"yes","saw ghost","50-75K",54.1650857082568
54.7187589639347,5.45650736235921,6000,"yes","saw ghost","<50K",61.4604530306581
51.6340989132777,0.0178231709532616,6000,"yes","heard voice","<50K",37.0114043333726
39.9780108378295,0.000960777631006367,6000,"yes","eerie feeling","75-100K",23.591763522515
36.5252928927907,2.56278311417923,6000,"yes","eerie feeling","50-75K",54.1650857082568
41.0118485121899,27.0546941141496,6000,"yes","saw ghost","<50K",28.5424169013258
46.8788779753399,4.96449800448425,6000,"yes","saw ghost","50-75K",27.6131997849068
56.7997170381522,0.852602986326287,6000,"yes","eerie feeling","50-75K",22.7962541504251
35.0946460172521,5.12167572656192,6000,"yes","saw UFO","50-75K",53.17996763085
31.9636345263177,0.797533304880176,6000,"yes","saw ghost","<50K",42.6291929718376
35.4925659232948,0.0350326682557429,6000,"yes","eerie feeling","50-75K",50.0054797427729
41.4384571887878,0.334157716623906,6000,"yes","saw ghost","50-75K",43.2162802037281
29.6315490364842,9.44664438937421,6000,"yes","heard voice","<50K",54.1650857082568
44.7664850991805,0.00990172909759793,6000,"yes","heard voice","50-75K",44.9342685653217
30.1969998817631,0.00458277867604735,6000,"yes","saw UFO","75-100K",25.6715602730388
50.8548504023502,11.6212024854089,6000,"yes","eerie feeling","<50K",43.0783207359197
53.7778172441139,3.02849972525234,6000,"yes","eerie feeling",">100K",49.1071372306921
45.5849267681069,1.84158180686598,6000,"yes","saw ghost","50-75K",23.3230228501861
41.6829107148845,6.1685451778174,6000,"yes","eerie feeling","50-75K",27.7919469374517
39.3329375883919,2.09319900481667,6000,"yes","presence watching","50-75K",56.6085995839533
24.3828726044158,4.47152824340446,6000,"yes","saw UFO","50-75K",46.8529522918797
33.3930616192393,0.248265724831037,6000,"yes","saw ghost","50-75K",63.9621792373584
36.0797832379659,0.162379352242627,6000,"yes","eerie feeling","50-75K",54.1650857082568
31.7028748442263,1.58568618013701,6000,"yes","saw ghost",">100K",24.8754606315316
40.2081058194063,7.7562597742164,6000,"yes","saw UFO","75-100K",39.9079124284963
57.8870532282641,7.69040250170969,6000,"yes","presence watching","50-75K",20.3545690949353
47.7465854713572,0.164292579137807,6000,"yes","eerie feeling","<50K",53.070953172074
45.5565997315931,4.01172393074362,6000,"yes","saw ghost","75-100K",25.5690782373771
29.0986196123067,4.28073249633672,6000,"yes","eerie feeling","75-100K",51.7865560609749
31.7321206834747,5.52892449976127,6000,"yes","saw UFO","50-75K",30.828855369272
34.0488526729181,4.44072859463885,6000,"yes","heard voice",">100K",66.6250226952967
40.2076598743447,3.38163641959988,6000,"yes","heard voice","75-100K",59.5906666916095
48.7228845260907,7.29369521484242,6000,"yes","saw UFO","75-100K",63.0991535430987
30.6502397404608,0.761529062266431,6000,"yes","saw UFO","75-100K",54.1650857082568
40.3393251496269,1.01713816771884,6000,"yes","presence watching","50-75K",58.8586408358833
44.7012148738411,6.44396948330336,6000,"yes","saw UFO","50-75K",46.3294542786058
41.0041887500755,0.90603851855138,6000,"yes","saw UFO","75-100K",54.1650857082568
36.0478713901756,2.65312235858359,6000,"yes","eerie feeling","50-75K",30.9654511014134
37.1885161003484,1.94947026525269,6000,"yes","heard voice","75-100K",51.4704235421615
30.9935234767917,3.56515890736563,6000,"yes","saw UFO",">100K",54.1650857082568
36.7860472759173,0.406873131811545,6000,"yes","eerie feeling","50-75K",24.9484365043836
32.9331584195247,2.92441265860236,6000,"yes","eerie feeling","<50K",48.7433750036346
38.1150073535642,2.80794937517579,6000,"yes","eerie feeling","75-100K",27.7784140026577
54.2181478848753,10.1344258339422,6000,"yes","eerie feeling","50-75K",28.1298101449906
41.8574254662254,0.0166519903273114,6000,"yes","heard voice","<50K",26.4878364808509
56.3892146383169,2.09107697829662,6000,"yes","saw ghost","50-75K",26.5522884586503
24.0610971787181,2.07497657128506,6000,"yes","heard voice","50-75K",47.5292061906551
48.5369209649352,9.58416689511303,6000,"yes","presence watching",">100K",33.9657851745041
32.1806554214484,0.644994937563657,6000,"yes","presence watching","50-75K",27.046884945455
33.007226177461,4.54205685318886,6000,"yes","saw ghost","50-75K",24.225640239556
25.8516717750021,17.9070705075178,6000,"yes","eerie feeling",">100K",36.9707163921776
38.6876061471432,8.52740727994586,6000,"yes","saw ghost","<50K",29.1274256806159
60.3055345438907,18.8620481098313,6000,"yes","saw ghost","50-75K",53.1557316447352
55.0423313870671,7.09757090375189,6000,"yes","heard voice","75-100K",40.5025213344851
66.1002596543025,17.6692446020426,6000,"yes","heard voice","50-75K",47.1059999165326
55.7132997724209,5.88798693800158,6000,"yes","eerie feeling","<50K",54.1650857082568
47.3908248241998,1.24656861574282,6000,"yes","eerie feeling","50-75K",60.0518468809362
37.2956175011726,4.60138490473659,6000,"yes","eerie feeling","50-75K",40.3125488323686
41.1207862838002,4.64114397236067,6000,"yes","saw ghost","50-75K",38.1968749339987
42.2598988561193,1.25090959274705,6000,"yes","eerie feeling",NA,35.669104132302
41.1008629310195,6.87058572000045,6000,"yes","saw ghost","75-100K",40.1291984293692
39.4791385907622,1.74801257812148,6000,"yes","eerie feeling","75-100K",49.2641408870694
47.6689534377262,0.000736720906018762,6000,"yes","saw UFO","50-75K",35.3453334466023
34.6196895528277,3.93793867939013,6000,"yes","saw ghost","50-75K",63.9125964013058
39.9563267489612,7.77240429762213,6000,"yes","heard voice","75-100K",21.0963786719048
44.5750146059545,13.2365221005231,6000,"yes","saw ghost","50-75K",59.455956532137
44.7490534474994,1.68397817094393,6000,"yes","heard voice",">100K",36.243424225838
42.4377735641808,0.00462540703753412,6000,"yes","saw UFO","75-100K",51.7696425122562
51.445228752213,0.161537327326362,6000,"yes","saw UFO","50-75K",61.6904296912407
36.6265776852783,0.882270697624703,6000,"yes","eerie feeling","75-100K",45.0657424995808
34.0200481865762,3.38392830704909,6000,"yes","heard voice","<50K",43.8091723526411
38.3093846529738,0.12087381466963,6000,"no","saw ghost","50-75K",54.1650857082568
35.5820192296318,0.889313547800172,6000,"yes","eerie feeling","50-75K",22.1961859313685
34.7142400834555,7.09632940294322,6000,"yes","heard voice","50-75K",44.7978491311204
41.8119713512019,0.402071650161187,6000,"yes","saw ghost","50-75K",24.4292970145449
44.1574475628518,6.20934188134595,6000,"yes","eerie feeling","50-75K",58.5912481925939
40.676035857715,1.01308273850245,6000,"yes","saw UFO","50-75K",29.8832112356507
25.1081791380655,4.33701437097149,6000,"yes","saw ghost","50-75K",55.726604482902
27.4962245889648,0.184778139013985,6000,"yes","eerie feeling","50-75K",62.1010882681396
56.6188287833455,1.24652233457332,6000,"yes","eerie feeling",">100K",49.2886948403434
48.8836004454586,0.167779857935249,6000,"yes","eerie feeling","75-100K",28.0788906319904
55.0137513000934,27.006412283545,6000,"yes","saw UFO","50-75K",60.8959021439554
25.2228427394705,3.46733224887445,6000,"yes","eerie feeling","50-75K",27.4117691914572
42.7614989005304,1.25095813368084,6000,"yes","saw ghost","50-75K",38.1778153626472
32.9846269011061,0.218121708357165,6000,"yes","heard voice","50-75K",23.5872097441451
47.768835776433,0.229400675430003,6000,"yes","saw UFO","<50K",54.1650857082568
48.3382792556802,0.1130860766558,6000,"yes","heard voice",NA,42.5455203026657
28.0246197388849,0.855573900895917,6000,"yes","saw ghost","50-75K",19.2200575808503
54.2594187547401,8.68794841833592,6000,"yes","saw UFO","<50K",37.4125815019932
36.8431432155175,2.02584963700683,6000,"yes","eerie feeling","50-75K",33.7141689289923
25.8474310240221,0.359932853762986,6000,"yes","eerie feeling","50-75K",55.9839430247648
58.3655002733555,0.169099817341998,6000,"no","heard voice","<50K",55.5870190628395
33.6833029631068,0.00435432892192903,6000,"yes","eerie feeling","50-75K",23.0065394362412
50.6368897233388,17.4947185202125,6000,"yes","eerie feeling","<50K",19.5942416311325
21.2797254502229,0.0680992518433572,6000,"yes","saw ghost","50-75K",56.8787101410869
24.6086891769818,3.73965400672855,6000,"yes","saw UFO","75-100K",29.1906589948469
42.5122124499496,1.26339522599867,6000,"yes","saw UFO",NA,27.4698827717207
53.3976736954552,0.359693066056178,6000,"yes","saw ghost","50-75K",46.3511468529148
41.3064697150353,1.72351996695613,6000,"yes","saw UFO","75-100K",28.8224756355655
48.16285701501,6.07979620036324,6000,"yes","eerie feeling","75-100K",46.8981261543289
29.2285094502192,10.2234779393051,6000,"yes","eerie feeling","50-75K",58.3696686056856
51.6646713881585,0.870785989155322,6000,"yes","saw UFO","50-75K",25.6796502036043
26.903037971518,4.16891101314745,6000,"yes","eerie feeling","50-75K",54.108732438711
32.5107048931731,21.1854093279644,6000,"yes","saw UFO","50-75K",54.1650857082568
35.8878550425339,0.000262815631002432,6000,"yes","saw UFO","50-75K",21.7144631657866
34.1859615944237,1.77479574992751,6000,"yes","heard voice","<50K",29.7039868586453
33.7248405887243,0.696234248973049,6000,"yes","eerie feeling","50-75K",47.8115288094568
59.0635585717631,2.79642833584283,6000,"yes","saw UFO","50-75K",43.1659447656778
37.4863498107906,0.992160077279049,6000,"yes","presence watching","75-100K",60.3739481280206
44.7380337272149,0.0501652370616735,6000,"yes","eerie feeling","75-100K",54.1650857082568
49.6968870434701,4.10568711059817,6000,"yes","eerie feeling",">100K",58.8307091169431
42.4756373609725,0.441792800591773,6000,"yes","heard voice","<50K",51.3411627592582
20.0284596549937,1.43982791693929,6000,"yes","presence watching",">100K",54.1650857082568
50.66918641568,8.80120948982724,6000,"yes","presence watching","<50K",28.7716783200389
27.6391287447365,2.89520320973735,6000,"yes","saw ghost","<50K",36.0550553908333
24.951564284356,2.54748365508104,6000,"yes","heard voice","50-75K",46.0656802072224
46.3253598644091,8.81511492529144,6000,"yes","saw UFO","50-75K",43.4714958840132
55.7227432100222,1.50663451721803,6000,"yes","saw UFO","50-75K",31.8943302307033
63.8454375804916,1.63979418477422,6000,"yes","eerie feeling","75-100K",65.9972377825765
38.2625463124505,6.36196998001227,6000,"yes","eerie feeling","50-75K",54.1650857082568
24.6962390712979,0.279221205782624,6000,"yes","eerie feeling",">100K",22.1010123036684
39.8426235866871,1.9350675731377,6000,"yes","eerie feeling","75-100K",54.1650857082568
33.240440248802,17.2240763465114,6000,"yes","saw UFO","50-75K",29.7272402159292
50.8701415731056,0.547151352813305,6000,"yes","saw UFO","<50K",67.8208356675226
40.5985324723913,7.15769638157934,6000,"yes","saw UFO","50-75K",54.1650857082568
28.3240360678864,1.10564277963537,6000,"yes","saw UFO",">100K",54.1650857082568
52.4383103962562,0.16276698309981,6000,"yes","heard voice",NA,24.8919827376262
50.1677691201122,0.235005734275753,6000,"yes","eerie feeling","50-75K",42.6307234744055
44.5518082006038,0.639447309435997,6000,"yes","saw ghost","50-75K",45.2954759214822
36.5112079684643,1.25040675278669,6000,"yes","saw UFO",NA,32.7395817856354
33.7751467610251,2.72749161669731,6000,"yes","saw ghost","50-75K",63.6795489028319
38.5974575484808,0.953494203290789,6000,"yes","saw ghost","75-100K",37.4098013279059
39.1838856906008,0.149476261508032,6000,"yes","heard voice","50-75K",65.4799373534005
44.5187621055476,5.66268798977324,6000,"yes","saw ghost","50-75K",61.1150005433844
29.1176364130481,0.870107021302093,6000,"yes","eerie feeling","50-75K",28.0928632424207
36.0933501257818,7.04861818465247,6000,"yes","saw UFO","50-75K",30.9191570693261
33.6353889086672,1.35850507501313,6000,"yes","saw ghost","<50K",52.1836148128968
30.1774756756865,2.49876900489084,6000,"no","saw ghost","<50K",23.7813920837473
54.0324516466508,1.77051282623782,6000,"yes","saw ghost","75-100K",59.6632422933808
45.0915474240979,0.520192437060228,6000,"yes","saw ghost","50-75K",40.4234893436429
48.6824842779748,0.0154390403048458,6000,"yes","eerie feeling","50-75K",54.1650857082568
49.5331562973038,3.60829223591893,6000,"yes","saw ghost","50-75K",54.1650857082568
43.0608768132989,0.271542827338231,6000,"yes","saw ghost","50-75K",54.1650857082568
24.925879747443,2.95349533848925,6000,"yes","eerie feeling","50-75K",45.7718822260037
36.3373943297128,1.3133021758083,6000,"yes","presence watching","50-75K",62.2534444163284
50.0711494387726,0.962212724117007,6000,"yes","eerie feeling","<50K",20.8228760881163
48.6396238108617,3.14656300829104,6000,"yes","presence watching",">100K",54.1650857082568
46.9064200989836,1.68074462173765,6000,"yes","saw ghost","<50K",39.6093762736126
46.108571591983,0.669624068000373,6000,"yes","saw ghost","50-75K",61.8160887860869
28.927501024316,12.8374137524956,6000,"yes","saw UFO","50-75K",34.0174728385431
44.9729738054751,0.0201948669297401,6000,"yes","saw UFO","50-75K",54.1650857082568
34.0089958833505,3.2093088766517,6000,"yes","saw ghost",NA,36.5347676322649
34.0663655157145,1.59915668070236,6000,"yes","eerie feeling","75-100K",46.9982046038746
35.8560124584096,0.375944183716356,6000,"yes","heard voice","50-75K",57.6603305563392
40.1199873413742,0.0228405206162962,6000,"yes","eerie feeling","50-75K",55.0578177094798
35.6837073934355,0.000205357687467686,6000,"yes","saw ghost","50-75K",19.89083110319
45.9010013933058,13.7143508119642,6000,"yes","saw UFO","<50K",38.7662089506672
40.9455742644858,4.7509957156813,6000,"no","saw UFO","50-75K",51.7090784765373
41.1405286769478,0.901528762433861,6000,"yes","saw UFO","<50K",51.7612057345054
40.0521153634257,0.419954161035503,6000,"yes","saw UFO","75-100K",51.5710078928152
31.5555563987313,7.24248829581289,6000,"yes","saw UFO","50-75K",54.1650857082568
48.580348473083,6.82432781804942,6000,"yes","saw ghost","<50K",43.9537445042249
49.7797541209412,26.4969917510127,6000,"yes","presence watching","50-75K",66.3116230251519
44.5067297948404,0.00986421543622804,6000,"yes","saw UFO","50-75K",54.1650857082568
56.4490857063015,4.3643168585047,6000,"yes","eerie feeling","50-75K",54.1650857082568
35.2137236905274,0.30421550502562,6000,"yes","saw ghost","50-75K",54.1650857082568
52.2603340710139,1.85987724080742,6000,"yes","saw ghost",NA,41.3711212901274
37.4236729745172,10.6335949288866,6000,"yes","saw ghost","50-75K",54.1650857082568
49.0403999177822,0.155914978301481,6000,"yes","eerie feeling","50-75K",54.1650857082568
33.4105432833175,13.0872980886113,6000,"yes","saw ghost","75-100K",44.2176161621387
35.3460413643149,1.60752246854209,6000,"yes","eerie feeling","50-75K",52.9106803737693
27.1687835568758,0.0603473798473188,6000,"yes","eerie feeling",">100K",21.2163934012
30.9322644880533,18.9676333356767,6000,"yes","heard voice","50-75K",31.1127096412537
55.9214144826316,2.66394800836483,6000,"yes","eerie feeling","75-100K",43.1871937344304
44.5664059632351,25.4178895690098,6000,"yes","presence watching","75-100K",68.4537321915408
59.9820434198113,4.26197045687978,6000,"yes","saw UFO",NA,49.8957760739787
56.4310086318076,1.17643791381157,6000,"yes","eerie feeling","<50K",36.961567465254
39.4857848381994,7.26901761050297,6000,"yes","eerie feeling","50-75K",59.1830521718131
25.0573768987734,11.5377855379189,6000,"yes","eerie feeling",">100K",60.2064833625723
45.7902114455246,14.8403325229214,6000,"yes","eerie feeling",">100K",35.0225082566095
47.0825438899032,0.214481710970117,6000,"yes","saw ghost","50-75K",55.0549996022404
50.2490790632467,21.0127746166155,6000,"yes","heard voice","75-100K",64.3182966086164
45.6138015686755,6.99160770586423,6000,"yes","eerie feeling","50-75K",52.235227780264
54.8376996860273,3.41868397769364,6000,"yes","heard voice","50-75K",23.4623133118048
37.3502415509341,3.07705525281333,6000,"yes","saw ghost","50-75K",45.9165632462047
26.790590192821,5.26070265287114,6000,"yes","saw ghost","75-100K",27.1039898899514
42.8464885241757,4.11224659652872,6000,"yes","eerie feeling","50-75K",51.8388249629786
33.4840248130588,19.9701806829243,6000,"yes","saw ghost","75-100K",63.7422602209611
34.5984866922699,0.553576817044853,6000,"yes","saw ghost","50-75K",50.6683527709976
18.1014599626778,2.12327475326691,6000,"yes","eerie feeling","50-75K",50.1278726428522
43.4255930593307,3.44395022762579,6000,"yes","heard voice","50-75K",55.2445123408571
40.8645621978032,4.76404830480648,6000,"yes","eerie feeling","50-75K",35.1701856710199
43.7027778773727,0.185242665694417,6000,"yes","saw ghost","50-75K",31.0256947811391
21.5463284625886,0.61331162815311,6000,"yes","eerie feeling","50-75K",42.5286874355847
54.3230316366447,0.589592222669601,6000,"yes","saw ghost","75-100K",47.4490000999065
31.4420446596409,0.659317411714362,6000,"yes","saw ghost","75-100K",54.1650857082568
55.5388284868975,20.8312833972771,6000,"yes","presence watching","50-75K",54.1650857082568
32.5225815712086,1.94790498300632,6000,"yes","presence watching",NA,59.5317060935254
41.3115576668927,1.44101788124647,6000,"yes","saw UFO",">100K",54.9468710816954
37.4531163667921,2.62553966376676,6000,"yes","eerie feeling","50-75K",54.1650857082568
31.927363767673,0.860882824676389,6000,"yes","heard voice","50-75K",38.4326710796572
49.0614898638656,1.21196067165477,6000,"yes","eerie feeling","<50K",44.682026821794
38.9639535833277,2.41512923492808,6000,"yes","eerie feeling","75-100K",22.1493337057043
32.8816839158618,0.0980447873104967,6000,"yes","presence watching","50-75K",24.4247146340368
38.1305550798107,1.66681470619091,6000,"yes","saw ghost","<50K",55.8603847819697
43.7126829231754,6.26849136100819,6000,"yes","saw ghost","50-75K",69.9962261648747
32.7969924267443,0.0029984193631132,6000,"yes","heard voice","75-100K",22.4686721574003
45.5951364994566,0.0947099272249661,6000,"yes","saw UFO","50-75K",18.0576515724322
59.313005723446,0.00658148132744957,6000,"yes","saw ghost","75-100K",18.5225950677807
28.6478189087932,6.48141663294125,6000,"yes","eerie feeling","50-75K",43.0187229185669
38.0617311234002,1.05806624610477,6000,"no","eerie feeling","75-100K",31.0949108990006
42.436773253314,6.01488489977062,6000,"yes","saw ghost","50-75K",63.6986866246133
27.661166309612,2.60547944408777,6000,"yes","saw UFO","50-75K",28.2559465304843
41.4743634170362,1.39171758048171,6000,"yes","saw ghost","<50K",26.6188158185915
54.2433822262385,1.53575906402768,6000,"yes","saw ghost","75-100K",54.1650857082568
48.8935899207446,0.0225730536225898,6000,"yes","eerie feeling","50-75K",35.7819407091153
42.4561940914384,0.28096588717033,6000,"yes","heard voice","<50K",54.1650857082568
35.5628813827809,0.0878739467121632,6000,"yes","saw UFO","50-75K",60.3126496757232
45.539975819061,0.0217705178883318,6000,"yes","presence watching","<50K",42.5373751423596
42.2980250460204,4.19855707850839,6000,"yes","heard voice","50-75K",54.1650857082568
43.5471389350508,1.3187739626843,6000,"yes","saw ghost","75-100K",64.8599479941724
41.9977238419698,1.34176040947489,6000,"yes","eerie feeling","50-75K",35.3171388602864
44.5278899409456,7.14945176471909,6000,"yes","presence watching","50-75K",49.8499907987235
55.6206484983753,0.299880668499998,6000,"yes","saw ghost","50-75K",48.8238998932415
40.6782414656429,11.4632665119135,6000,"yes","saw UFO",">100K",32.6504471663939
35.6879125398004,0.109478226873184,6000,"yes","saw UFO","50-75K",59.9446483473177
29.9468865864774,0.0129895579610903,6000,"yes","saw UFO","50-75K",53.1584571930483
37.778872103508,0.0752739786828939,6000,"yes","heard voice","50-75K",50.6148080062902
36.9582747668264,6.35538628044862,6000,"yes","eerie feeling","75-100K",54.1650857082568
35.0090173990986,2.41971126727158,6000,"yes","saw ghost","50-75K",44.5194893805021
30.9438075996332,0.559540775928656,6000,"yes","eerie feeling","50-75K",26.030803832393
47.8209253490726,5.26248638022199,6000,"yes","saw UFO","50-75K",30.159860880425
45.7560816256633,0.409358243361588,6000,"yes","eerie feeling","75-100K",28.158934963579
34.5753345462905,0.971638072934676,6000,"yes","eerie feeling",">100K",35.2468637570872
38.6887237889888,0.00180373919031962,6000,"yes","eerie feeling","50-75K",18.6419738142321
43.4963530850626,3.14491716263364,6000,"yes","saw ghost","75-100K",50.4970105159913
43.4306662800456,7.68081312014529,6000,"yes","heard voice","50-75K",57.4555100532344
45.688186843294,20.1296777910502,6000,"yes","saw ghost","75-100K",54.1650857082568
41.089658992002,3.24361419026745,6000,"yes","saw ghost","75-100K",18.1432691816885
45.3993596063306,4.1381512280786,6000,"yes","eerie feeling","50-75K",50.8768082385119
40.444765679254,0.377540198678947,6000,"yes","saw ghost","75-100K",39.4679513451158
56.6976070356542,3.15798382239437,6000,"yes","saw ghost","50-75K",36.4292178464512
32.6259587133334,2.83179630567742,6000,"yes","heard voice","50-75K",63.9797129597732
41.1905356923199,1.24563773201152,6000,"yes","presence watching","50-75K",52.2351636140884
36.7973912229305,7.12567512588944,6000,"yes","heard voice","50-75K",59.4424850873138
34.1635392282427,0.0769216812544235,6000,"yes","presence watching","<50K",35.4649583411313
48.1456252583892,0.0165775262773453,6000,"yes","presence watching","50-75K",31.8428540320731
47.3993066358038,3.63635859497444,6000,"yes","heard voice","50-75K",38.4236286053106
45.837919192242,7.54293286176583,6000,"yes","eerie feeling","75-100K",38.8347726275963
49.1091052408429,15.7335695384353,6000,"yes","presence watching","75-100K",30.6695218114753
47.3254140556097,1.36509847501488,6000,"yes","heard voice","50-75K",24.4405891385071
47.0895525077997,0.231880691796583,6000,"yes","presence watching","50-75K",33.0253719309983
33.6624109925709,6.17224526520301,6000,"yes","saw ghost","75-100K",65.2292154766322
26.99875680091,0.00156842476588327,6000,"yes","saw ghost","50-75K",42.4097975272037
42.6568042345051,0.00506845974933243,6000,"yes","heard voice","75-100K",32.7896099952527
43.41622342574,3.90120806368907,6000,"yes","eerie feeling","<50K",66.9126146086839
47.6330955965229,3.16808183859442,6000,"yes","saw ghost","75-100K",32.3947884455236
29.5969309851374,0.0459635339366906,6000,"yes","saw UFO","75-100K",33.8586979121136
51.2203947128062,4.57530377909366,6000,"yes","heard voice","50-75K",21.7648654474191
23.9778434996371,0.00189563763070394,6000,"yes","heard voice","<50K",37.2538548395878
43.6162447384631,15.625656758552,6000,"no","heard voice","50-75K",19.6297328049507
39.0315056608686,2.16512523635467,6000,"yes","eerie feeling",">100K",54.1650857082568
36.3411467302048,0.0759186575916852,6000,"yes","saw ghost","75-100K",29.3938260722582
37.3101080050782,0.185216179723757,6000,"yes","eerie feeling","50-75K",26.9910389362877
41.5788177567389,2.15466944289969,6000,"yes","presence watching","50-75K",28.9251011913963
40.2618110171759,1.30283081833535,6000,"yes","saw ghost",">100K",43.1407938668045
23.1287027944752,0.0539975734184465,6000,"yes","saw ghost","50-75K",19.2706035691409
41.5845947684429,28.9303853653873,6000,"yes","saw UFO","75-100K",44.3478042773098
31.9446012176438,17.3944699662232,6000,"yes","saw UFO","50-75K",41.5255065451597
38.5230187657889,1.05046947267134,6000,"yes","eerie feeling","75-100K",27.9219853395146
50.9078982816729,0.0417412731337781,6000,"yes","eerie feeling","50-75K",24.0599672655302
31.4911240118346,0.0306043751084831,6000,"yes","eerie feeling","50-75K",36.246125766314
58.6456476687167,0.815360155489415,6000,"yes","saw ghost","75-100K",27.1177956296969
14.2476805260655,4.68385077178047,6000,"yes","saw UFO","75-100K",19.9800238147517
27.3117119526953,1.08365850632336,6000,"yes","saw UFO","50-75K",54.1650857082568
39.9234946109249,0.00429834277940854,6000,"yes","saw ghost",">100K",41.8844165005759
20.1056867265129,13.3177790551236,6000,"yes","presence watching","50-75K",18.5664812018012
34.1689947264172,3.05434090266084,6000,"yes","eerie feeling","75-100K",51.2705457775236
39.4885823273951,0.0545315340638432,6000,"yes","saw ghost","<50K",53.7579612043045
49.6784045750675,4.68993470527973,6000,"yes","saw ghost","50-75K",45.0465640974647
51.9298890194671,2.3588587054767,6000,"yes","eerie feeling","50-75K",54.1650857082568
27.797106851152,19.0257408699447,6000,"yes","saw UFO","<50K",60.383261495944
24.1065322604118,1.52860692554882,6000,"yes","eerie feeling","50-75K",56.3479078561809
35.7083332129662,5.71584251150731,6000,"yes","heard voice",">100K",18.3390810644007
39.0504236263245,0.562850003013194,6000,"yes","saw UFO","50-75K",30.5886296112201
50.4747549785123,0.00724461215226795,6000,"yes","saw ghost",NA,47.8244486590112
25.6249646319167,0.316228835259549,6000,"yes","heard voice","50-75K",62.5259067276639
33.42807433858,5.91921731522732,6000,"yes","saw UFO","75-100K",22.6836606303372
36.460030639211,2.36206525113313,6000,"yes","eerie feeling","<50K",31.7089656202307
38.6904489021006,0.793172078236989,6000,"yes","saw UFO","50-75K",32.5608290347795
45.6365755531357,7.86212208809111,6000,"yes","eerie feeling","50-75K",31.0789900914699
33.8082113958156,0.442381407505663,6000,"yes","heard voice","<50K",44.6609704253446
45.7179215705873,0.326404261766807,6000,"yes","saw ghost","50-75K",36.7407816766455
41.9697068489838,0.0526296344494794,6000,"yes","heard voice","50-75K",57.6118451551264
56.1176302025063,44.3921237998582,6000,"yes","eerie feeling","75-100K",21.1474177541915
40.2529098110628,4.93809154133664,6000,"yes","saw UFO","<50K",50.0054797427729
34.497590244378,0.0797290568468027,6000,"yes","saw ghost","<50K",57.0611479992122
34.0229210549082,0.472265106131957,6000,"yes","saw UFO","50-75K",54.1650857082568
34.5821327165318,0.148333257660636,6000,"yes","eerie feeling","<50K",36.9520351057439
50.3389774251951,16.5242746342619,6000,"no","saw ghost",">100K",46.4046230229198
35.5537185385249,4.8227119018226,6000,"yes","saw ghost","50-75K",67.2365753530194
35.9761478033579,0.0121501269169144,6000,"yes","saw ghost","50-75K",51.3080622463389
46.5798663130071,1.45096280362193,6000,"yes","eerie feeling","50-75K",34.5133475049484
38.1724606539831,5.31308834117997,6000,"yes","saw UFO","75-100K",40.7255993527788
53.5987124490803,13.25833322988,6000,"yes","eerie feeling",">100K",27.7523853123037
30.5145738057,0.317102459520846,6000,"yes","eerie feeling","50-75K",41.0844433895304
34.1611828201212,1.99735398765979,6000,"yes","heard voice","50-75K",31.5637923878773
47.0357140987689,0.489894487763779,6000,"yes","presence watching","75-100K",32.2852570602252
35.1350486357733,0.0858377399913073,6000,"yes","saw ghost","<50K",64.0130857118479
41.3154953984569,0.180126889825229,6000,"yes","saw UFO","50-75K",32.9115752988342
39.3179753969744,12.0628999015435,6000,"yes","heard voice","50-75K",40.2244736098422
39.5081705789318,0.0576956879681068,6000,"yes","saw ghost","50-75K",35.7407662761322
25.8885030760915,0.818903016328407,6000,"yes","eerie feeling","50-75K",26.8851139076905
36.8376369694668,0.000952379961028513,6000,"yes","eerie feeling","50-75K",60.84558194973
45.2799912422377,0.130032520500869,6000,"yes","eerie feeling","<50K",34.2582147719069
33.1694968435159,1.38228150961529,6000,"yes","saw UFO","50-75K",39.6179710059902
38.8821995172313,25.2579975804183,6000,"yes","presence watching",">100K",58.3525722284766
21.2609279941168,17.076891324718,6000,"no","saw UFO","<50K",62.0428459557641
21.1249723320124,2.36115980242967,6000,"yes","heard voice","50-75K",40.025206909553
38.1842264768535,3.52919483939116,6000,"yes","heard voice","<50K",29.6730699744001
47.4975469444978,2.63570232505853,6000,"yes","saw ghost","75-100K",54.1650857082568
23.1838518381589,0.131154905553152,6000,"yes","saw ghost","75-100K",59.7026373396447
40.1577576331017,4.57773558352583,6000,"yes","eerie feeling","75-100K",42.4724726762551
30.1480505542263,9.22545157068291,6000,"yes","eerie feeling","50-75K",31.1801372837843
37.394621315727,7.63706122529881,6000,"yes","eerie feeling","<50K",21.1303081701886
52.1902147817692,0.506092681536973,6000,"yes","saw UFO","50-75K",21.5145809960521
38.4568991332338,3.51746880119793,6000,"yes","eerie feeling","<50K",32.1788019977499
35.141173798528,0.610310605008835,6000,"yes","saw ghost","50-75K",45.599755570212
30.2543021471245,0.70759921352483,6000,"yes","heard voice",NA,21.2844005111327
62.4332156893273,3.99229381708699,6000,"yes","saw UFO",">100K",62.5985620912325
24.9829943788387,0.0294755920773317,6000,"yes","saw ghost","50-75K",50.1580846118443
29.0323494791723,1.17472346962114,6000,"yes","heard voice","50-75K",26.7685079350038
50.348548698427,6.10002895113003,6000,"yes","saw ghost","75-100K",22.8809815558281
38.5267664948539,0.0339728759650962,6000,"yes","heard voice","50-75K",34.7205779204865
42.6972590592863,1.57959269575943,6000,"yes","eerie feeling","<50K",54.1650857082568
26.4601820529396,0.76068664891779,6000,"yes","heard voice","<50K",60.0271182711923
41.8933311221365,0.0136651801294824,6000,"yes","saw ghost","50-75K",44.6278050847189
20.8494029082152,12.7433333895584,6000,"yes","saw ghost","50-75K",41.4187342413969
28.7153601540849,8.86578958053731,6000,"yes","heard voice","50-75K",54.8139504336552
48.1405599982904,0.0502288759706207,6000,"yes","saw UFO",">100K",41.107687754227
46.1784609943424,4.06770914670695,6000,"yes","heard voice","50-75K",35.2591091430685
44.2983761900078,0.00265294758719108,6000,"yes","heard voice","50-75K",38.9427507967573
41.6682710519424,0.0224916328444303,6000,"yes","saw ghost","50-75K",21.9756331432219
48.4578524294764,3.40568303975501,6000,"yes","saw ghost","<50K",21.028166074905
48.0991571689621,19.5777185177313,6000,"yes","eerie feeling","75-100K",54.0533807207081
48.3484618303737,4.33766273564421,6000,"yes","heard voice","50-75K",55.5907540744051
32.9407573598333,3.52449685296086,6000,"yes","saw ghost","50-75K",39.7712592390669
32.3684277580977,2.19544483503156,6000,"yes","eerie feeling","75-100K",38.736748648213
41.5928333434313,1.43995335839847,6000,"yes","saw UFO","50-75K",54.1650857082568
48.4492070697504,0.142538178745949,6000,"yes","saw ghost","50-75K",64.7308576627852
49.6628519132036,8.7990051809905,6000,"yes","saw ghost","75-100K",53.399370039487
52.5400776244381,26.754831412062,6000,"yes","saw ghost","50-75K",59.8044153141098
34.1364373310504,0.094620149453163,6000,"yes","saw ghost","75-100K",36.8249579841012
46.9630152480532,0.0505872388748583,6000,"yes","eerie feeling","50-75K",46.4588796038734
41.0027230381612,1.22843144991218,6000,"yes","heard voice","50-75K",33.2062702566772
36.3620545867391,2.31098132393365,6000,"yes","heard voice","<50K",26.421147247607
31.3991442285801,2.99338164236614,6000,"no","saw UFO","50-75K",24.0347393448594
38.6134161704253,1.97405264857515,6000,"yes","saw ghost",NA,52.901765644865
42.8661981214293,0.827755863400262,6000,"yes","saw ghost","50-75K",28.7109221607422
56.3577916137394,5.12920081237599,6000,"yes","saw ghost","50-75K",31.2910823814847
22.5342274290929,1.19105063787822,6000,"yes","presence watching","50-75K",54.1650857082568
50.3307620512239,0.651999459407582,6000,"yes","saw UFO","50-75K",23.4869776407767
48.4256212170799,0.0227405587060902,6000,"yes","heard voice","50-75K",43.8003540132902
37.4378653212675,4.6481888186069,6000,"no","saw ghost","50-75K",31.7346122938687
18.9432067185122,17.4714601825999,6000,"yes","saw UFO","50-75K",40.872299405667
26.9527612206385,1.90394204348808,6000,"yes","saw ghost","75-100K",30.5269304118994
17.3865093116643,1.53214970559049,6000,"yes","eerie feeling",">100K",54.1650857082568
35.8161994824815,0.205121229588527,6000,"yes","saw ghost",NA,48.5362149031527
30.6635354145853,0.33506069666414,6000,"yes","heard voice","50-75K",37.0657131098772
42.0321585957918,4.70116508011983,6000,"yes","eerie feeling","50-75K",54.3135103042875
30.5525758597857,1.52961264089074,6000,"yes","presence watching","50-75K",27.5754890955338
57.8483203763927,0.370917675494048,6000,"yes","saw ghost",">100K",54.1650857082568
78.6598036728372,15.2910210852271,6000,"yes","saw ghost","50-75K",39.3434395916579
92.6833776901061,17.2169387665395,6000,"yes","saw ghost","<50K",50.5028457576018
73.5123858725709,5.24064854559592,6000,"yes","saw ghost","50-75K",29.0550119077705
69.0457444357791,1.80171054224441,6000,"yes","saw ghost","50-75K",44.4731095656396
61.6620082255803,3.0999454762012,6000,"yes","saw ghost","75-100K",60.3016989427963
79.8492257790261,6.0556937914232,6000,"yes","saw ghost","50-75K",37.6643111924212
74.168187507634,0.150803579617559,6000,"yes","eerie feeling","50-75K",54.1650857082568
60.9801460707775,10.1430164351094,6000,"yes","saw UFO","50-75K",36.8243660928588
61.0902125649131,2.13068677472382,6000,"yes","saw UFO","50-75K",44.2435389442799
67.5124683523146,0.707063659914848,6000,"yes","saw ghost","75-100K",36.4180294354593
64.0798256665614,4.43674845231895,6000,"yes","saw ghost","50-75K",44.2145707285425
66.2509372699348,0.0204695245920415,6000,"yes","eerie feeling","50-75K",52.835713197112
79.2883560453819,5.56766472829238,6000,"yes","saw ghost","<50K",18.2175312096026
62.643285028768,3.22646505108945,6000,"yes","saw ghost","75-100K",54.1650857082568
74.6620823169867,1.92090402103368,6000,"yes","presence watching","50-75K",65.9019651939703
74.8556984498478,2.10029599846644,6000,"yes","saw ghost","50-75K",47.4136022358965
72.7979727405395,4.32504230738091,6000,"yes","eerie feeling","75-100K",56.2201432405363
64.4372903409331,4.33754508897882,6000,"yes","saw UFO",">100K",40.068696376463
68.1916180194293,2.2391134829898,6000,"yes","saw ghost","75-100K",25.011060253936
74.629388492882,2.42818687316638,6000,"yes","eerie feeling","75-100K",39.6020492108728
60.2192077055077,0.566307257772183,6000,"yes","eerie feeling","75-100K",19.4771331262492
88.3387183356623,0.0118669631925013,6000,"yes","eerie feeling","50-75K",27.8174368708651
65.1996134069729,2.86220329449876,6000,"yes","heard voice","50-75K",26.7448264146935
83.793719474367,1.36079828623697,6000,"yes","eerie feeling","50-75K",54.1650857082568
51.8440014858524,9.54069342870501,6000,"yes","saw ghost","50-75K",54.612708547785
79.3668075348639,19.7430777282141,6000,"yes","saw UFO","50-75K",38.6143607159334
85.8966335881081,0.0501354611531164,6000,"yes","saw ghost","50-75K",37.2344566875183
84.2102861746904,0.303303771093241,6000,"yes","heard voice","75-100K",34.4543205619776
64.4992973140969,16.0339730273965,6000,"yes","heard voice","50-75K",54.1650857082568
81.4200537775621,2.99687910802419,6000,"no","heard voice","50-75K",54.1650857082568
78.8138874114674,14.424141325905,6000,"yes","saw ghost","50-75K",55.6605589614446
58.2303489329671,8.19774212193328,6000,"yes","eerie feeling","<50K",34.3901394616019
70.3375511424021,1.80307979485466,6000,"yes","saw ghost","50-75K",20.0350990841441
53.6918824379196,1.39431066024814,6000,"yes","saw UFO","50-75K",54.1650857082568
70.0925651205368,0.147015423876234,6000,"yes","saw ghost","75-100K",31.5820837618627
74.9185028485506,1.31167308398741,6000,"yes","saw UFO","50-75K",35.2996473366426
81.8256736514262,0.0326083756299512,6000,"yes","presence watching","<50K",29.9237327716354
50.586615620457,1.06960597278733,6000,"yes","eerie feeling","50-75K",39.6506507423533
76.8542237799358,7.29581788045359,6000,"yes","saw ghost","50-75K",31.9074154232963
75.886787277146,17.936941457935,6000,"yes","saw UFO","75-100K",55.4309883748261
74.9756408137818,2.83227603191276,6000,"yes","saw UFO","<50K",54.1650857082568
76.2434626428479,2.85490842882879,6000,"yes","saw UFO","75-100K",24.6059446705001
76.3923046928429,1.72364483236966,6000,"yes","presence watching","50-75K",39.8236045199899
71.1947198503749,5.01208865751551,6000,"yes","eerie feeling",">100K",39.2206110117455
64.402152226948,12.720611722643,6000,"yes","heard voice","50-75K",54.1650857082568
55.8736078168763,0.807549291359773,6000,"yes","saw ghost","75-100K",68.924779435425
73.0404440404159,8.86511963259902,6000,"yes","eerie feeling","50-75K",49.4892158371324
69.5118231299928,0.130954298912756,6000,"yes","eerie feeling","75-100K",53.9791366769257
73.974731358421,1.38290561025261,6000,"yes","saw UFO","50-75K",54.1650857082568
72.6638473297272,0.403375344400091,6000,"yes","eerie feeling","75-100K",26.1560812188985
48.6338152010408,12.8083914080611,6000,"yes","saw UFO",">100K",36.1393824372157
70.8059278876917,9.37300660658384,6000,"yes","saw ghost","50-75K",54.1650857082568
65.3213745497265,7.6670736016143,6000,"yes","eerie feeling","<50K",39.4011762739248
52.2493169294317,4.94352044274015,6000,"yes","saw ghost","50-75K",35.6046963167762
49.0913849629135,0.0964127157169017,6000,"yes","eerie feeling","50-75K",60.3926406239537
69.5273642501722,0.0834920285809603,6000,"yes","saw ghost","50-75K",18.9248353831573
86.5460192496675,0.164674014464799,6000,"yes","saw ghost","<50K",45.0186075691903
63.2944050026868,0.355476696356807,6000,"yes","saw UFO","50-75K",19.3817576070336
66.0939453540286,4.37066170214652,6000,"yes","eerie feeling","50-75K",54.1650857082568
66.8696714762818,6.28880420655439,6000,"yes","saw ghost","50-75K",24.4670881507758
80.4500647765585,13.6476283590224,6000,"yes","eerie feeling","50-75K",40.5391507366141
68.9976931386972,2.40384217168559,6000,"yes","eerie feeling","<50K",35.2674232946107
66.6221575846278,0.0241574679418897,6000,"yes","saw ghost","<50K",30.8799368615984
85.0253557145691,0.0101323055834844,6000,"yes","heard voice","<50K",54.1650857082568
61.8325811364802,8.18032550657918,6000,"yes","saw ghost","50-75K",54.1650857082568
75.6880425457185,8.80557432877032,6000,"yes","saw ghost","50-75K",54.1650857082568
83.9016764133397,0.200796305998575,6000,"yes","heard voice","50-75K",34.4109605548464
72.9815846175089,2.27303216662567,6000,"yes","saw ghost","50-75K",52.7700883189328
63.8229884434999,0.529267692714097,6000,"yes","eerie feeling","50-75K",54.1650857082568
69.960043660964,0.464699641987626,6000,"yes","saw ghost","50-75K",68.4137329521029
60.7724702505908,24.5927432002039,6000,"yes","presence watching","50-75K",27.3170884505155
82.2481570046693,11.8873867044833,6000,"yes","eerie feeling","75-100K",39.7175322705633
78.6787460099666,15.3663320353304,6000,"yes","eerie feeling","<50K",54.1650857082568
54.3520883979939,3.15370755348381,6000,"yes","saw ghost","<50K",30.4327222612937
72.8446855563179,11.5283833090584,6000,"yes","eerie feeling","50-75K",35.6496328968762
78.1742119857072,21.7842781701303,6000,"yes","saw UFO","50-75K",23.6105261619382
62.5314065915373,3.38087572405372,6000,"yes","saw UFO","50-75K",56.2384301251433
54.8319320638858,1.11929710588969,6000,"yes","saw UFO","<50K",30.3392225453802
74.9370679512129,2.15307960839304,6000,"yes","eerie feeling","75-100K",30.6699299060219
61.2487560959637,28.1768240994032,6000,"yes","saw ghost","50-75K",54.1650857082568
71.2851989636368,9.99038033886341,6000,"yes","saw UFO","75-100K",46.3243893692703
68.4453651613843,15.937750068055,6000,"yes","saw UFO","50-75K",44.4134271905944
74.5169490003382,0.269588481189557,6000,"yes","saw UFO","50-75K",61.8121791231097
58.9292341138824,10.2908779855122,6000,"yes","presence watching","50-75K",65.3316165322921
61.4770494617214,4.88866858634245,6000,"yes","eerie feeling","50-75K",61.1507082307944
66.7126715237035,5.11762641301786,6000,"yes","saw UFO",">100K",38.0309915545927
54.3031898883456,0.568681024983154,6000,"yes","saw ghost",">100K",38.7467274642547
69.8249342555954,0.427612134197378,6000,"yes","eerie feeling","75-100K",33.613979271648
54.9730292179341,6.32586943407147,6000,"yes","saw ghost","75-100K",28.5293714657415
64.1219013303998,1.38889310943366,6000,"yes","saw ghost","75-100K",36.6504919554593
77.2049702185874,0.47094239826781,6000,"yes","saw ghost","50-75K",33.0184281707163
63.5785789861666,9.64653912386663,6000,"yes","eerie feeling","50-75K",57.4017843160897
72.5094130024637,0.597930549800949,6000,"yes","saw ghost",">100K",54.1650857082568
85.6879842908902,0.736670116893555,6000,"yes","eerie feeling",">100K",61.1910981826531
82.2648523680248,11.6802917175598,6000,"yes","saw UFO","50-75K",31.5612833215885
71.4352458037967,0.502294871671986,6000,"yes","eerie feeling","75-100K",51.6005955535424
59.2434910361336,7.6384717333365,6000,"yes","saw UFO","75-100K",34.0302438690941
78.2003336502304,1.07140177873099,6000,"yes","presence watching","<50K",54.1650857082568
74.3004968746471,18.224683024418,6000,"yes","presence watching","50-75K",43.6347585169813
57.0148327968255,0.0210546789795667,6000,"yes","saw ghost","<50K",61.476955668664
64.2856853352404,0.588222238570063,6000,"yes","saw ghost","<50K",19.9231772485045
54.4860551367144,5.6439809951491,6000,"yes","eerie feeling","75-100K",49.0084170896884
55.7846678859564,6.10672363696293,6000,"yes","saw ghost","<50K",54.1650857082568
69.1688965905345,1.57938884526919,6000,"yes","presence watching",">100K",51.437332277467
79.3938954260606,6.93485725061752,6000,"yes","heard voice","50-75K",38.9951385354806
65.3569296290428,0.032639336540456,6000,"yes","eerie feeling","<50K",49.6127554501033
55.3599336958625,0.0316379142649303,6000,"yes","saw ghost","75-100K",50.9933695563733
82.0602573789507,1.39012965836204,6000,"yes","heard voice","50-75K",47.3846604694748
83.5487604495837,1.00745557971826,6000,"yes","heard voice","<50K",44.6898518203427
64.9514767964105,8.61842088750798,6000,"yes","saw ghost","75-100K",64.265640817133
64.2314879475168,4.41413476562804,6000,"yes","saw ghost","50-75K",38.2000984219784
63.9794954490256,0.0186230448394728,6000,"yes","heard voice","50-75K",54.1650857082568
65.5211862950033,0.00193073576117441,6000,"yes","eerie feeling","50-75K",19.6220406836114
65.0242553212515,10.602817749817,6000,"yes","eerie feeling",NA,43.7588338757242
77.9827350511436,1.42203833097173,6000,"yes","eerie feeling","75-100K",19.7311189455779
62.0499834388707,7.57570894006902,6000,"yes","eerie feeling","50-75K",54.1650857082568
72.5086142157863,1.08636524848541,6000,"yes","saw UFO","50-75K",36.9402151109804
71.4826054540079,3.0589456507358,6000,"yes","saw UFO","50-75K",58.1015737343292
59.9636110133724,0.828957496480252,6000,"yes","saw UFO","50-75K",38.2863305407328
78.1213537644599,2.52690050197766,6000,"yes","saw UFO","50-75K",38.6315783827852
71.4553274290465,1.70829168028918,6000,"yes","saw ghost","50-75K",54.1650857082568
58.4897220625273,7.12165789270296,6000,"yes","eerie feeling","<50K",41.0951845738337
48.4545182708796,1.32779693997888,6000,"yes","eerie feeling","75-100K",18.5690555608693
77.6441565460701,7.14169221144712,6000,"yes","saw ghost","75-100K",40.6377890238736
86.0220421807651,31.4823995236684,6000,"yes","presence watching","50-75K",57.5418533964646
69.1582748875188,15.5313528300644,6000,"yes","saw ghost","75-100K",61.9643862286438
62.5236928498488,0.474931330212004,6000,"yes","saw UFO","75-100K",67.1083928834924
67.4570243381321,0.86446533343548,6000,"no","saw ghost","75-100K",50.4630320933802
72.1936594554841,2.05576787025919,6000,"yes","saw ghost","<50K",54.1650857082568
63.701637587544,8.61910615938638,6000,"yes","saw UFO","<50K",59.1794134133359
77.793883483543,0.520952090052061,6000,"yes","eerie feeling","50-75K",30.2015222257694
60.2584713277925,2.86760389327879,6000,"yes","saw ghost","50-75K",66.9266371255561
80.8318333827885,1.45053592003926,6000,"yes","saw ghost","50-75K",50.0054797427729
61.7087689389659,6.37654343712246,6000,"yes","heard voice","75-100K",20.3022428847082
65.1684065846558,0.00199580464354284,6000,"yes","eerie feeling","<50K",52.5584623755617
62.2723655714124,0.305574128261644,6000,"yes","saw UFO","75-100K",50.3729766387549
71.1055224747794,9.14372019240231,6000,"yes","saw ghost","<50K",50.1104967563791
60.1693367795291,0.0688595333286347,6000,"no","saw UFO","75-100K",37.9351328453569
71.1953431287236,0.0114746684196306,6000,"yes","saw ghost","50-75K",32.3690229736011
63.4473943103932,2.38280407734506,6000,"yes","heard voice","75-100K",38.7481786861427
75.7075109982318,0.000149977688818389,6000,"yes","eerie feeling","75-100K",20.7051341090399
67.7261460444152,6.44891339321787,6000,"yes","eerie feeling","<50K",46.5877968113922
64.4810288754841,0.427299187498739,6000,"yes","saw ghost","<50K",54.1650857082568
67.0122207192545,1.19578783524886,6000,"yes","saw ghost","50-75K",66.8517957578865
81.2480997025092,5.80605443890453,6000,"yes","saw UFO","75-100K",43.6782127599418
79.7178317503135,0.447704142007157,6000,"yes","saw ghost","50-75K",37.5740790126592
56.351064416787,8.97799990188328,6000,"yes","saw ghost","<50K",47.8612776499969
69.3784259661352,16.1889857414126,6000,"yes","saw ghost","50-75K",35.8528152755468
78.9134822182558,2.68921615754546,6000,"yes","saw ghost","75-100K",20.3126135375638
77.027573030661,0.0514891964629554,6000,"yes","eerie feeling","50-75K",28.2081543379832
56.6911241057008,4.55199916550228,6000,"yes","saw ghost",">100K",61.8472147334655
74.2259993608284,4.45846088200284,6000,"yes","eerie feeling","50-75K",42.1328477239862
73.2273399126341,0.0894257179135118,6000,"yes","saw UFO",NA,31.8980173133795
78.6805894881925,3.29633370152611,6000,"yes","saw UFO","75-100K",41.0205746237574
83.5196997452512,4.70912068453032,6000,"yes","eerie feeling","50-75K",67.1685089569975
57.2012124121691,2.49631218071401,6000,"yes","eerie feeling","<50K",28.7773108345408
68.3063759242654,36.0249721301378,6000,"yes","saw ghost","75-100K",57.1331053743346
73.3269379737338,4.4033656902456,6000,"yes","saw ghost",">100K",32.3422259408924
54.9717447641849,1.66680534991153,6000,"yes","saw ghost","50-75K",54.1650857082568
64.9829203214643,3.75142867663127,6000,"yes","saw ghost","50-75K",21.8139722328233
60.4064181213376,0.955886558160359,6000,"yes","eerie feeling","<50K",60.6517007718323
90.6519812145036,1.63293225872464,6000,"yes","saw ghost","75-100K",46.0197050548098
54.8431647459194,1.2959854717291,6000,"yes","eerie feeling","50-75K",60.4128306251901
72.8825057463771,3.00393251485793,6000,"yes","saw ghost","<50K",39.0027483382081
69.89683805979,10.1734009521096,6000,"yes","saw ghost","75-100K",22.4659394617629
63.1377891058243,0.509962709542316,6000,"yes","saw ghost","50-75K",38.9860739263476
64.5528186119624,0.00337027998129136,6000,"yes","presence watching","75-100K",34.4447937796022
68.6970541593953,1.15942650859056,6000,"yes","eerie feeling","50-75K",38.5859090417061
70.2913128238406,18.4740408868812,6000,"yes","saw ghost","50-75K",54.1650857082568
67.1462055892709,0.0328202511292708,6000,"yes","heard voice","50-75K",55.259123133474
78.1379465613252,0.978755629006848,6000,"yes","heard voice","<50K",42.3243970885838
68.4183439038099,3.30923723352454,6000,"yes","saw ghost","50-75K",28.5457345850333
65.652248562031,0.724594527323982,6000,"yes","eerie feeling","50-75K",32.8260361300099
65.696681371895,8.63052347072572,6000,"yes","saw UFO","<50K",31.2016634792444
78.27941108007,1.59545132663329,6000,"yes","saw ghost","50-75K",30.9454247081992
59.8094228464032,0.152228706625253,6000,"yes","presence watching","50-75K",47.3395684424709
71.9049009945857,13.7002478840045,6000,"yes","saw UFO","50-75K",35.1414996666218
75.8040510959987,1.01710957892223,6000,"yes","eerie feeling","50-75K",28.8930543034162
81.3063418563582,0.186967333430267,6000,"yes","saw UFO","50-75K",68.4152720793005
58.6051229905686,0.00981026412515578,6000,"yes","eerie feeling","50-75K",35.3325525026459
54.2385097646954,13.9025233934982,6000,"yes","saw ghost","50-75K",50.9175939836385
71.2568048393763,2.47316404824475,6000,"yes","heard voice","75-100K",54.1650857082568
76.9229716514887,0.0849241668590204,6000,"yes","saw ghost","<50K",41.8955339091279
54.7491801387539,0.177447189797547,6000,"yes","saw UFO",">100K",24.9860762464733
75.1628301171509,0.880260775853328,6000,"yes","saw ghost","<50K",55.5383872781183
78.4912713222964,2.36148956098654,6000,"yes","eerie feeling","75-100K",43.5012897914038
78.1235383595224,0.0835531354853739,6000,"yes","saw ghost","50-75K",28.7252442178357
69.2532546296246,0.110174771854333,6000,"yes","presence watching","50-75K",30.7959571643027
61.502302117323,4.02555968713432,6000,"yes","presence watching","50-75K",28.3066447304822
65.154803048525,1.19002984399951,6000,"yes","eerie feeling","50-75K",40.793525009631
61.0912053515015,2.9995188353066,6000,"yes","heard voice","50-75K",57.6662290387017
71.8018250516309,3.45140623495956,6000,"yes","presence watching","75-100K",59.2240868269511
57.2949076199527,0.408331193904378,6000,"yes","saw ghost","75-100K",54.1650857082568
80.3255670385603,0.00867371914434751,6000,"yes","heard voice","50-75K",26.1382055005723
65.9546345278081,2.37170900356825,6000,"yes","saw ghost","50-75K",19.2247525924598
66.7207943072758,0.791264720558329,6000,"yes","saw ghost","<50K",60.5857509109041
81.691586640586,1.2095862634091,6000,"yes","saw ghost","<50K",29.474480438282
89.1904072609985,0.436394511802933,6000,"yes","heard voice","50-75K",33.9437548439656
64.7902591687416,20.4423883683533,6000,"yes","saw UFO","50-75K",40.7673726433821
68.4014619124451,0.000110717026314322,6000,"yes","saw UFO","50-75K",27.8191803182535
85.0428019749464,0.0729613883480355,6000,"yes","saw ghost","<50K",40.8306971156769
53.8384328291417,3.55358309222706,6000,"yes","eerie feeling","50-75K",32.4376444858281
55.9252201028126,7.2974571957605,6000,"yes","eerie feeling","50-75K",54.1650857082568
75.8627661128394,1.9858685598483,6000,"yes","eerie feeling","50-75K",23.6479936683897
80.3324388308312,6.65576600527214,6000,"yes","saw UFO","75-100K",48.0617765890625
68.3745055479103,4.85295358473217,6000,"yes","presence watching","50-75K",42.5298229805618
62.5199449978724,0.00305989504400919,6000,"yes","eerie feeling","50-75K",23.6288586382677
76.64683380437,0.853758283233708,6000,"yes","saw ghost","50-75K",38.5806002842408
82.2555623935878,2.64977113630036,6000,"yes","eerie feeling","75-100K",45.8618798355207
76.2299179378267,0.635483785821956,6000,"yes","saw ghost","50-75K",36.1147927060802
74.7704912301707,0.00313144055899331,6000,"yes","eerie feeling","50-75K",49.610280192378
53.9643093237747,0.179331179835514,6000,"yes","saw ghost","50-75K",56.2214965465482
61.2050743911521,0.0481634306786798,6000,"yes","saw ghost","<50K",24.7539028771622
71.7282164151589,24.1159533217475,6000,"yes","heard voice","50-75K",43.6318397998851
85.001402413632,2.6677536694715,6000,"yes","eerie feeling","75-100K",22.5247419665403
71.6932074395433,1.47493070481967,6000,"yes","saw ghost","50-75K",24.4740580965279
77.9359479400205,9.87964505389586,6000,"yes","eerie feeling","<50K",38.6316706132876
62.8618285932586,1.77693798037668,6000,"yes","heard voice","50-75K",21.7734250918797
73.4332223808021,6.55400269900055,6000,"yes","saw ghost","50-75K",50.2130579513265
77.9019291329722,1.73997595008993,6000,"yes","saw ghost","75-100K",31.7638239216614
53.6425842842551,0.0987279434764627,6000,"yes","saw UFO","50-75K",33.6213449390926
68.8444329907644,0.0224037120081139,6000,"yes","saw UFO",">100K",20.7391508589304
72.3119365257602,0.664958417885162,6000,"yes","saw ghost","<50K",56.2186252098934
78.1571682788088,1.42550684505523,6000,"yes","saw ghost","<50K",33.9333740859547
77.6545455016716,6.94444333341447,6000,"yes","saw ghost","75-100K",19.0392446398989
59.7437456700502,6.0139848899709,6000,"no","saw UFO","50-75K",54.1650857082568
78.5291239216028,2.66894220645314,6000,"yes","eerie feeling",">100K",18.5442122194023
76.9266791553439,11.8962591633086,6000,"yes","saw ghost","50-75K",47.6079734265927
77.0279320343002,6.36840545643591,6000,"yes","eerie feeling","50-75K",35.5050871746592
70.7909026964119,0.0240520621563806,6000,"yes","heard voice","75-100K",35.229077569241
52.3579233806961,1.86200092010001,6000,"yes","eerie feeling","50-75K",57.1740831323737
71.2201818188457,5.08677945570484,6000,"yes","saw ghost","50-75K",45.0050980021047
59.8025989667752,2.35457253119937,6000,"yes","saw UFO","50-75K",27.9398030485651
73.7864723820481,4.29757260905556,6000,"yes","saw UFO","50-75K",54.1650857082568
70.2367486170815,0.494285358509383,6000,"yes","eerie feeling","<50K",37.8266309061592
70.5424528223167,5.13944378862265,6000,"yes","eerie feeling","50-75K",48.1149460358531
62.2812626436991,9.64071574871774,6000,"yes","heard voice","<50K",44.1450462048216
66.7725466150051,0.209309456226495,6000,"yes","heard voice","75-100K",26.0885566819215
65.6848791524567,2.12132200998703,6000,"yes","eerie feeling","<50K",48.5516435422259
68.4739269091713,2.05348271776003,6000,"yes","heard voice","50-75K",50.0054797427729
51.6919565605003,0.0649512220230592,6000,"yes","saw UFO","75-100K",48.945808373795
55.6127179557263,0.497382807535558,6000,"yes","saw UFO","<50K",21.1962186129963
62.5017455579941,0.957313548113458,6000,"yes","eerie feeling","50-75K",46.0761475924186
49.3278144817392,30.1884730278329,6000,"yes","saw ghost","50-75K",27.1427631334702
72.0874021751868,0.0404562526926833,6000,"yes","saw ghost","50-75K",46.6680254328589
78.7142858118123,13.0833784878294,6000,"yes","saw UFO","75-100K",22.1443670194221
70.3334268262177,5.28044657664135,6000,"yes","eerie feeling","50-75K",64.4356059670007
52.3802074190683,1.45496136840418,6000,"yes","saw UFO","50-75K",54.1650857082568
78.9558842258427,1.61259308117226,6000,"yes","saw ghost","50-75K",50.0054797427729
60.0572346692661,16.8292155925861,6000,"yes","saw UFO","50-75K",20.9446417860407
83.615794593628,1.23017108249701,6000,"yes","saw UFO","50-75K",30.831679688746
73.2473700944395,0.0556181244077371,6000,"yes","saw ghost","50-75K",56.5917800736067
64.5071118297498,0.0176542376473651,6000,"yes","heard voice","50-75K",43.0050706806365
70.9585303095079,1.9310914072715,6000,"yes","saw ghost","75-100K",40.4624482455001
82.0614721831059,3.22617274559605,6000,"yes","saw ghost","50-75K",40.3406332271917
55.336536934827,2.29089905453035,6000,"yes","heard voice","50-75K",19.5684450987845
82.8612713565428,0.418149037106001,6000,"yes","saw UFO","50-75K",37.4945552016218
76.8582054363011,0.154763127168245,6000,"yes","eerie feeling","<50K",49.6918166219459
72.0429808895822,1.95843094590588,6000,"yes","saw ghost","50-75K",26.9240663113393
95.9250821026153,3.24574868423243,6000,"yes","saw UFO","75-100K",42.0697105915936
63.1889606104675,0.593539854378589,6000,"yes","presence watching",">100K",54.1650857082568
65.5480543456778,6.80913610356641,6000,"yes","heard voice","50-75K",27.1132252904604
61.5274466523981,0.0158928307564673,6000,"yes","saw UFO",NA,21.0348449169012
80.1840704777206,2.25057629431416,6000,"yes","saw ghost","50-75K",54.1650857082568
66.9625178385302,1.02259993547069,6000,"yes","saw UFO","50-75K",20.056631466736
81.8087428154266,0.204512019615995,6000,"yes","heard voice","75-100K",56.4731911357725
64.3365783598855,1.29875421483464,6000,"yes","saw ghost","75-100K",26.5116401057336
58.0858864683469,0.238025455648938,6000,"yes","heard voice","75-100K",54.1650857082568
66.4140054173771,1.57196126351404,6000,"yes","eerie feeling","50-75K",54.1650857082568
85.0603983860046,15.8140317662448,6000,"yes","heard voice",NA,38.6521634095663
57.2333729811515,21.2578808519735,6000,"yes","saw ghost","75-100K",50.1164421084253
73.5689601039549,0.632887523160936,6000,"yes","saw ghost","75-100K",21.8301589593906
72.4143387126837,6.94506876425293,6000,"yes","saw ghost","<50K",27.9121736142209
66.800636731695,2.15022572770711,6000,"yes","eerie feeling","50-75K",46.447388035007
62.1568447155013,5.30757519503365,6000,"yes","saw UFO","50-75K",46.1661020858002
78.2110518922402,2.90686477936576,6000,"yes","saw UFO",">100K",30.7594509330813
65.6601785875617,4.43998524381876,6000,"yes","eerie feeling","50-75K",39.2991192059936
57.3789497468145,0.709915983981581,6000,"yes","saw ghost","50-75K",20.200572948438
73.5979185940279,2.56107740925747,6000,"yes","saw ghost","50-75K",34.5665989854382
62.4659187606847,1.71256418395838,6000,"yes","eerie feeling","50-75K",50.1393978697861
60.7607895640051,12.4479883798739,6000,"yes","eerie feeling","50-75K",22.666017576039
64.8164929207906,13.3532294266128,6000,"yes","saw UFO","50-75K",54.1650857082568
80.1892560557472,11.8419813421901,6000,"yes","saw UFO","<50K",54.1650857082568
65.4799800452205,8.18991362167667,6000,"yes","saw ghost","50-75K",25.8758782381348
71.0864985723114,0.429080932121203,6000,"yes","saw UFO","50-75K",50.0071267540977
86.5247984984553,4.43481856544164,6000,"yes","saw UFO","<50K",54.2024075906244
62.5367559920751,13.6886042770986,6000,"yes","saw UFO","50-75K",26.4545984065158
68.2372912326907,0.019101700412908,6000,"yes","eerie feeling","50-75K",69.2726696195983
81.408950196908,15.0114881619042,6000,"yes","presence watching","50-75K",29.9652331190782
64.011678836057,0.395342768879735,6000,"yes","eerie feeling","50-75K",28.041271326629
63.0602169658177,0.701920659802668,6000,"yes","saw ghost","75-100K",22.1908075744389
52.3204069631709,9.89652011368908,6000,"no","saw ghost","50-75K",24.4919601297084
60.1147705356897,20.9854044791301,6000,"no","presence watching","50-75K",33.6879301407114
69.1001201746274,7.70762600159029,6000,"yes","saw ghost","50-75K",35.2523453981893
74.9621228555585,8.45753933491622e-06,6000,"yes","saw ghost","50-75K",32.6293155172333
67.0900432732084,0.00381810160723641,6000,"yes","presence watching","<50K",52.8801124151247
76.1446452149057,0.0429724780121218,6000,"yes","saw UFO","50-75K",47.3737965242895
68.4684931757658,5.58802781132242,6000,"yes","presence watching","50-75K",54.1650857082568
66.8195635605116,0.893688379303035,6000,"yes","eerie feeling","50-75K",47.4209148715957
78.9860125416634,2.06153493279419,6000,"yes","saw ghost","50-75K",26.177379326883
74.1404071179306,0.0745591260500548,6000,"yes","saw ghost","50-75K",31.0830646000924
69.9926304867098,3.53177320140534,6000,"yes","saw ghost","<50K",20.9379044098779
85.0588067934548,0.0117863800499164,6000,"yes","saw ghost","50-75K",25.0855889106154
66.627894053703,3.28703596603448,6000,"yes","saw ghost","75-100K",54.1650857082568
73.95506084133,1.70695309426008,6000,"yes","eerie feeling","50-75K",50.6874623330431
62.294193904072,0.198477946379167,6000,"yes","heard voice","50-75K",69.7889666212033
71.2012185232115,11.5447013487876,6000,"yes","saw UFO","50-75K",48.8246994504429
63.8021851020481,0.585209184075482,6000,"yes","eerie feeling","50-75K",38.7847714508983
75.2169042825629,2.57401140370779,6000,"yes","saw UFO","50-75K",20.8308861431458
54.104810645868,0.395549515382463,6000,"yes","eerie feeling","50-75K",54.3531241310622
73.5458795641817,1.38039442693955,6000,"yes","saw ghost","50-75K",57.6814366007091
67.1581301462398,10.0621043860125,6000,"yes","eerie feeling","50-75K",29.4943326181599
71.6011157801691,0.607580704412619,6000,"yes","saw ghost","75-100K",26.0671342603197
70.3646649946337,36.4527660751836,6000,"yes","saw UFO","50-75K",19.8901097696922
68.4111203135589,17.6639474425821,6000,"yes","heard voice",">100K",33.7717034654474
69.816600816189,0.944493676665655,6000,"yes","eerie feeling","50-75K",54.1650857082568
77.2769766165587,2.42564703267209,6000,"yes","eerie feeling","50-75K",27.7795656031168
61.0948576137675,1.69266227339365,6000,"yes","presence watching","50-75K",21.5046477224184
72.5170688606993,16.756601928318,6000,"yes","eerie feeling","75-100K",31.7894270805457
62.9535952731419,16.8418833208896,6000,"yes","saw UFO",">100K",50.3911285942391
52.1128338865574,0.0460640689205559,6000,"yes","eerie feeling","50-75K",37.471872308327
60.2274344358734,1.4978319255751,6000,"yes","saw ghost","50-75K",54.1980715998936
54.1793125797441,0.764222396411318,6000,"yes","presence watching","50-75K",54.1650857082568
68.8568942960102,1.15473877684218,6000,"yes","saw ghost","50-75K",61.624445118232
69.2367724167029,2.26084592837641,6000,"yes","eerie feeling","75-100K",38.4234045882478
62.589668957686,12.0416687246616,6000,"yes","presence watching","<50K",64.3922450664782
61.0629781228706,0.569434088497505,6000,"yes","eerie feeling","<50K",37.9702082191973
75.0915252783174,4.82940134420487,6000,"yes","saw ghost","50-75K",54.1650857082568
89.2112939761805,0.114693345688404,6000,"yes","saw UFO","50-75K",38.7607481933121
69.7972152695221,0.0472454594377618,6000,"yes","eerie feeling","<50K",19.6656840018005
65.5325479102897,4.38820262625035,6000,"yes","saw ghost","75-100K",49.2757531442263
71.2723496252664,0.822728591033083,6000,"yes","eerie feeling","50-75K",65.0228529021752
53.1662577280028,0.0737067154160278,6000,"yes","saw UFO","75-100K",21.334111420487
49.0120526196382,0.0943138252922671,6000,"yes","heard voice","50-75K",44.5170471106337
81.224263796411,1.43632840502801,6000,"yes","saw ghost","75-100K",54.1650857082568
64.4216849271555,6.56740054744085,6000,"yes","saw ghost","<50K",25.599523532906
84.6016494192178,0.311515047037628,6000,"yes","heard voice","50-75K",22.7616814142471
61.8039885825717,3.94786040207855,6000,"yes","eerie feeling","50-75K",54.588763672102
77.1717234899214,22.3658127073227,6000,"yes","saw UFO","50-75K",54.1650857082568
75.1025553538114,0.187797505627891,6000,"yes","saw ghost","50-75K",25.8126177631028
48.428551803574,8.93662967372199,6000,"yes","saw ghost","75-100K",56.1933533685356
81.3196495395942,0.0301834505646761,6000,"yes","saw UFO","50-75K",42.2804966917454
94.6562824561111,1.8370739431976,6000,"yes","heard voice","75-100K",34.3825051693222
65.648189381515,0.000612977187620928,6000,"yes","saw ghost","50-75K",20.2273719038159
65.4999256605795,0.0950006298030196,6000,"yes","eerie feeling","50-75K",54.1650857082568
78.6401178818366,1.95276722414757,6000,"yes","saw ghost","<50K",66.8941540632137
71.7411821297971,0.120864407258991,6000,"yes","eerie feeling","50-75K",50.0588172918958
77.0658941874922,0.783460612003977,6000,"yes","eerie feeling","<50K",54.1650857082568
58.5108240660347,7.93946226688595,6000,"yes","eerie feeling","50-75K",37.4626834904228
60.7649935680358,0.0691591919637987,6000,"yes","saw ghost","50-75K",54.1650857082568
52.0993930562022,3.91793625533874,6000,"yes","presence watching","50-75K",44.8719643258462
48.5814468431913,2.40520579207964,6000,"yes","heard voice","50-75K",23.4811286229242
74.1558884340304,2.00042449700432,6000,"yes","saw ghost","<50K",36.6983142294327
64.4904116272505,2.05590127237407,6000,"yes","eerie feeling","50-75K",29.8278589042885
75.4150458962862,7.78065072659255,6000,"yes","saw ghost","<50K",42.5693524979666
78.9200392308684,1.82266415249478,6000,"yes","saw ghost","50-75K",54.1650857082568
69.0808448373013,12.7441050882461,6000,"yes","eerie feeling","50-75K",41.4964969968894
70.0152556022083,5.96950754583343,6000,"yes","saw ghost","50-75K",50.0054797427729
69.9902697212562,0.338326783599099,6000,"yes","saw ghost",">100K",68.6391011677631
70.9707606513928,0.63045637894358,6000,"yes","saw UFO","50-75K",52.243390725676
65.8352321925869,32.0585899684344,6000,"yes","saw UFO","50-75K",60.2719739863953
81.4767967897853,0.215949120797572,6000,"yes","saw ghost","<50K",20.6672727029333
69.2445831112554,1.92705140586594,6000,"yes","saw UFO","75-100K",67.0100451684252
61.0389632135707,4.50024937104569,6000,"yes","heard voice","50-75K",22.7174545420086
58.3376695975586,0.442331099313408,6000,"yes","saw UFO",NA,56.2827926017733
58.6541047208586,0.893060652140104,6000,"yes","heard voice","<50K",54.1650857082568
73.6869072327098,4.89760656884758,6000,"yes","saw ghost","75-100K",56.9737385729517
80.4782321041312,0.369140531231224,6000,"yes","saw UFO","<50K",22.1960138336592
62.8858532480485,0.157411187056365,6000,"yes","saw ghost","75-100K",20.1903272461585
71.3543343462482,0.910241179393222,6000,"yes","saw ghost","<50K",31.234445589567
56.6026560287032,3.39219494014542,6000,"yes","saw ghost","50-75K",54.1650857082568
73.8178988859459,2.86591552056268,6000,"no","saw ghost","50-75K",33.2232594625366
60.8690237227524,1.99137871739672,6000,"yes","saw ghost","50-75K",52.6938918126949
55.9077050889721,7.78156087100258,6000,"yes","heard voice","50-75K",37.383626952342
63.32953887016,0.00273369753728999,6000,"yes","eerie feeling","75-100K",32.7551039793896
75.3681332993724,0.620712167032736,6000,"yes","saw ghost","50-75K",22.2188513071819
77.6058804460422,0.883041647924023,6000,"yes","eerie feeling","50-75K",54.1650857082568
60.5091984021119,6.1678502057999,6000,"yes","saw UFO","50-75K",46.1091034105697
73.6528638692617,1.38550418240267,6000,"yes","eerie feeling","50-75K",35.4642114659161
57.0619629725371,1.88372174763204,6000,"yes","saw UFO",">100K",58.0507555725757
75.1591377491487,19.892063524335,6000,"yes","eerie feeling","75-100K",48.1160101377656
61.2872192859091,7.24704936463171,6000,"yes","saw ghost",">100K",33.0741902504267
66.567912715811,14.4224709151172,6000,"yes","saw ghost","50-75K",22.9518844879714
80.4252295741307,0.272895393230599,6000,"yes","presence watching",">100K",28.0019868128751
61.5812422189047,0.686572482218491,6000,"yes","saw UFO",">100K",49.0637710856123
65.3017934688173,2.17652515843886,6000,"yes","presence watching","50-75K",53.4166372441217
60.8151148145307,1.15321869645984,6000,"yes","saw UFO","50-75K",38.8337998592095
59.3251143837305,0.0736109577019557,6000,"yes","eerie feeling","<50K",65.0107971933099
66.7692636827971,0.138565448313789,6000,"yes","saw ghost","50-75K",41.6057771150665
81.0846350419319,1.85804501895628,6000,"yes","saw UFO","50-75K",18.0245901622875
80.2981294289553,3.79397471327159,6000,"yes","eerie feeling","50-75K",25.6500402289117
73.8558379779771,0.0719774268180804,6000,"yes","saw ghost","75-100K",50.217234100799
74.3870759657231,0.0759060469444515,6000,"yes","heard voice","50-75K",50.0054797427729
64.6668392089672,0.332532043534917,6000,"yes","saw ghost","50-75K",34.9725666157602
73.4918371759602,1.97757928988151,6000,"yes","heard voice","50-75K",54.1650857082568
64.1597838745694,1.65093397674611,6000,"yes","saw UFO","<50K",44.2121957781534
80.8651930624547,2.42508424447355,6000,"yes","heard voice","75-100K",37.828426960458
67.2684893084316,0.155175925955682,6000,"yes","heard voice","50-75K",51.5717314040587
74.0519187213389,2.25642633943671,6000,"yes","eerie feeling","75-100K",27.6544508004623
86.3936349110147,2.5360587727295,6000,"yes","heard voice","50-75K",30.2468636321192
71.4703954564031,2.45088978787247,6000,"no","saw ghost","75-100K",58.0474166953461
71.8422744046827,2.24357351391377,6000,"yes","saw ghost","50-75K",42.5164748223392
72.8209396717409,0.000393050892423585,6000,"yes","saw UFO","50-75K",39.2154649960877
78.9213905006497,0.595219669641859,6000,"yes","heard voice","75-100K",58.4545093343996
83.6846958781893,6.68018403054507,6000,"yes","saw ghost","75-100K",54.1650857082568
57.9806125221757,18.7091033638156,6000,"yes","eerie feeling","50-75K",23.977063267506
68.1311907010644,31.0025424432876,6000,"yes","saw UFO","50-75K",25.4232531827281
68.9296844557637,1.21040213917513,6000,"yes","saw ghost",NA,24.6466964696596
61.0424848784623,1.33097901947341,6000,"yes","saw ghost","50-75K",45.2756899656504
89.2271298451511,5.09208521654438,6000,"yes","heard voice","<50K",54.1650857082568
71.4066826928512,1.62948156457151,6000,"yes","heard voice","<50K",54.1650857082568
69.933527836141,1.88002569484067,6000,"yes","saw ghost","75-100K",32.9094784510692
80.9223591562535,7.68543831342411,6000,"yes","heard voice",NA,21.6067711409633
65.5212942474995,4.14187985067574,6000,"yes","heard voice","50-75K",54.1650857082568
67.0109050760428,9.22001828195921,6000,"yes","eerie feeling","<50K",36.9400820965754
71.5321668759799,18.5362035459896,6000,"yes","saw ghost","50-75K",57.562834321328
66.8266171423714,40.5845102228351,6000,"yes","saw ghost","50-75K",28.1963414423451
59.5447739217764,0.0124159029700087,6000,"yes","saw ghost","75-100K",31.4370260067312
95.9461327617919,2.1772611508428,6000,"yes","heard voice","50-75K",54.1650857082568
92.0052228444642,2.08989293983836,6000,"yes","eerie feeling","<50K",37.9657628109315
70.0617546820077,6.60500240146508,6000,"yes","eerie feeling","75-100K",26.3618971489631
77.0402867742574,0.411772035183284,6000,"yes","eerie feeling","50-75K",29.831219588239
86.7104198966585,3.56386756246312,6000,"yes","saw ghost","50-75K",54.1650857082568
78.4569716573357,18.524700859607,6000,"yes","saw UFO","<50K",54.1650857082568
64.6384802309697,1.29347482350958,6000,"yes","saw ghost","75-100K",29.7154118923387
70.5010575237696,0.00652389184228396,6000,"yes","saw ghost","50-75K",59.6183581060943
89.9963351991122,1.97021266188427,6000,"yes","eerie feeling","<50K",25.418865587061
89.6736443205198,3.88240592049002,6000,"yes","saw ghost","50-75K",58.697704603752
67.1945459500045,12.4780751855805,6000,"yes","eerie feeling","50-75K",34.2469125887309
72.9379996443616,1.91064784838671,6000,"yes","heard voice","50-75K",33.9613524643338
58.1148570565801,3.85904595556623,6000,"yes","saw ghost","75-100K",54.844413649346
72.9477002879232,4.48443143891774,6000,"yes","saw UFO","50-75K",49.5253619678939
78.6651310966327,14.31020511136,6000,"yes","saw ghost","50-75K",39.0644292192508
73.9581940167762,3.06051984284514,6000,"yes","saw ghost","75-100K",51.3207547346567
70.0591373544601,1.08655007263062,6000,"yes","eerie feeling","50-75K",26.4257839198998
77.0331899432007,0.00617684240607266,6000,"yes","eerie feeling","50-75K",43.5735977255914
71.65140083207,1.32107066358473,6000,"yes","saw UFO","75-100K",69.3301258113603
69.2798902163755,8.80690533430689,6000,"yes","saw UFO",">100K",30.1817624637793
77.2587552637202,7.15828738975017,6000,"yes","saw ghost","50-75K",44.1982912513803
82.6458405463546,15.8121450404031,6000,"yes","eerie feeling","50-75K",34.3764325780284
64.1343148741317,3.55883730508043,6000,"yes","presence watching","75-100K",39.3236323182334
77.5026503437341,2.37183295340544,6000,"yes","saw ghost","50-75K",54.1650857082568
81.1873703944899,2.3814982641583,6000,"yes","eerie feeling","50-75K",42.5179762785159
73.0189937297325,0.914751206243863,6000,"yes","eerie feeling","50-75K",28.4867761722142
62.476513761469,0.418212280656308,6000,"yes","eerie feeling","50-75K",41.2436030169801
55.2162652289309,2.67309315890849,6000,"yes","saw ghost","75-100K",53.5814342228547
72.2756826191651,1.52748227049342,6000,"yes","saw UFO","75-100K",32.6009037776239
54.7037972120136,3.22787233966307,6000,"yes","saw ghost","50-75K",50.0054797427729
69.9820247127391,0.150581744153069,6000,"yes","saw UFO","50-75K",44.7414451282288
64.7887801564398,0.744666720322141,6000,"yes","eerie feeling","50-75K",33.9890795038244
66.5374988127965,0.257564129920837,6000,"yes","presence watching","50-75K",34.0916640119961
81.6456822110892,9.27120543132687,6000,"yes","eerie feeling","75-100K",54.1650857082568
73.8431944745586,0.62644364070884,6000,"yes","heard voice","50-75K",56.1166630885932
78.0839672454533,6.98382588436659,6000,"yes","saw UFO","<50K",54.1650857082568
71.3948824837776,0.979766884153214,6000,"yes","saw ghost",NA,44.8807746133645
73.9004553216561,0.115800737232593,6000,"yes","saw ghost","<50K",54.1650857082568
77.3515463377389,2.01707983392274,6000,"yes","saw ghost","50-75K",42.4393692072322
59.1731447426812,0.539163525203137,6000,"yes","saw ghost","75-100K",54.1650857082568
74.9446103088964,1.83947532474319,6000,"yes","saw ghost","50-75K",32.221475224921
72.4258141665097,0.454179564665527,6000,"yes","eerie feeling","50-75K",43.4886437281157
57.2188638259837,11.5379815423171,6000,"yes","saw UFO","50-75K",22.1090254980693
49.2260679407398,18.5313269659269,6000,"yes","heard voice","50-75K",50.0054797427729
73.2552893844755,0.0014457742469855,6000,"yes","eerie feeling","50-75K",52.9313787086029
68.20136976356,0.0150851475836989,6000,"yes","saw ghost","50-75K",63.0231588007049
59.8694261342855,4.51674191863924,6000,"yes","saw ghost","50-75K",45.095963248076
91.5437969055689,2.7094349917481,6000,"yes","heard voice","50-75K",54.9916440023287
65.995417075647,9.67984290734847,6000,"yes","saw UFO","<50K",43.7849292282484
81.7466501798565,1.06718026571702,6000,"yes","saw ghost",NA,31.7709018450691
70.655630019987,4.31011926784557,6000,"yes","saw ghost","50-75K",53.0662054561392
77.0141420610418,2.89630766156778,6000,"yes","presence watching","50-75K",27.2409553286088
83.9919200747685,6.55570181775299,6000,"yes","eerie feeling","50-75K",40.6801064501951
74.9107179904565,0.70242389573094,6000,"yes","saw UFO","75-100K",60.1890318408047
76.8823420024065,0.1792577746289,6000,"yes","saw ghost","50-75K",48.1056164779348
86.74488546375,10.3653623381467,6000,"yes","eerie feeling","50-75K",64.0495013971582
77.2224970315917,4.66481894218404,6000,"yes","heard voice","<50K",55.6147856499234
59.9709168459344,11.9973527659455,6000,"yes","saw ghost","50-75K",39.8359135295769
72.9417111527371,1.63062489727204,6000,"yes","saw UFO","<50K",62.3747910993487
84.5348097186014,6.2522142605569,6000,"yes","saw ghost","75-100K",21.8439184424576
74.4894249526642,4.86716303490646,6000,"yes","saw ghost","75-100K",54.1650857082568
71.2037395713186,0.455823021721128,6000,"yes","saw UFO","50-75K",40.2749854268305
91.1934089238563,1.56721935204934,6000,"yes","presence watching","50-75K",29.5950319724334
94.6424356232353,0.918029105064883,6000,"yes","saw ghost","75-100K",32.6267888887263
84.6079938820032,0.131604402039739,6000,"yes","saw UFO","75-100K",42.4420240270234
71.18657609014,4.08495242622667,6000,"yes","saw UFO",">100K",64.5599510111672
70.8173509962883,6.74645971652788,6000,"yes","heard voice","<50K",30.5370443839598
73.1070698489632,0.150297767535527,6000,"yes","heard voice","50-75K",54.1650857082568
74.2435385450366,1.07081509605608,6000,"yes","saw ghost","50-75K",31.4113904032475
64.0149745678175,0.623815630813847,6000,"yes","eerie feeling","75-100K",65.9187932077105
81.4758135286183,5.35330478841147,6000,"yes","presence watching","50-75K",41.1553462006102
64.4607445711483,5.28980458163482,6000,"yes","saw UFO","75-100K",48.6400090478604
84.0436567216349,9.46480641874689,6000,"yes","saw UFO","50-75K",54.1650857082568
89.7212060304104,0.766919485714236,6000,"yes","saw UFO","50-75K",61.1296654635197
76.5251923478721,0.311201924956586,6000,"yes","saw ghost","50-75K",25.8392150833428
81.442475850999,0.397336917958526,6000,"yes","saw ghost","75-100K",54.1650857082568
83.5418420013196,0.0116938767597822,6000,"yes","eerie feeling","50-75K",63.3456322508276
84.0501563184677,2.66495315442876,6000,"yes","saw ghost","50-75K",44.4910025641209
55.4940536902659,9.65895181922961,6000,"yes","saw ghost","75-100K",37.1613771091847
74.5180401822459,0.230495940216554,6000,"yes","saw UFO","50-75K",19.708532335506
71.7418458737938,0.105195295583838,6000,"yes","saw ghost","50-75K",22.2720561018568
